PAM50 mRNA,V1,V2,V3,V4,V5,V6,V7,V8,V9,V10,V11,V12,V13,V14,V15,V16,V17,V18,V19,V20,V21,V22,V23,V24,V25,V26,V27,V28,V29,V30,V31,V32,V33,V34,V35,V36,V37,V38,V39,V40,V41,V42,V43,V44,V45,V46,V47,V48,V49,V50,V51,V52,V53,V54,V55,V56
HER2_enriched,-0.20681979,0.8523041,2.265739219,-0.862105075,-0.70590335,1.09994098,-0.47731546,0.216067806,1.218044723,-0.275396157,-0.900203056,-1.102122359,-1.151649735,9.668177053,0.402747916,-0.843056084,0.654194595,0.890402081,0.147491439,-2.210773625,-3.292756304,-1.795505625,-1.262133882,-0.309684341,-0.157292414,-1.067834176,1.301860283,0.985647035,-0.33254313,-0.462076267,0.562759439,-2.203154029,0.379889127,-1.719309662,-0.831626689,0.204638411,2.482897714,-0.542082029,0.962788246,-1.730739056,-3.273707313,0.932309861,-0.854485478,0.58180843,-2.645090616,0.075105274,-0.404929295,0.45608509,-1.033545992,-1.124981148,5.043082081,2.395272356,-2.850819717,0.216067806,-2.713666983,1.000886228
Basal_like,0.889593583,0.05168223,0.74791775,-0.272148244,4.306005086,1.015077891,1.500823603,-0.964335883,0.011203421,-0.527164742,-1.162682048,-0.25595672,-2.207035328,0.197405944,1.245807104,0.367416943,2.136340909,0.719582584,-0.061658436,3.53690771,-1.397459142,-0.948144359,-0.968383764,-1.008862573,1.436057508,-0.4300156,0.541475823,0.654816489,0.691247417,-0.292387649,-0.033323269,-0.12642453,0.711486822,-0.709319384,-0.199286387,0.326938134,-0.009035984,2.62208662,3.528811948,-0.850995217,-2.899222967,-0.280244006,0.128591968,1.432009627,-4.295741887,0.011203421,-1.725337497,-0.417871957,-2.543009445,-0.612170242,-1.56342226,1.071748224,-0.5150211,1.249854985,-1.332693047,-0.446207124
Luminal_B,-2.8714642,0.401646448,-3.267784964,0.271387175,-2.076051198,-0.019617582,-0.352194447,-0.058418216,0.199328855,0.315730757,0.063526635,1.258031875,1.909328236,-1.49127021,-2.386456272,0.03858337,0.634450253,-0.914803644,0.215957698,-2.466829014,0.97534154,0.315730757,0.348988444,-0.532340249,-0.152648328,0.75362363,0.135584955,0.412732343,-0.820573532,-0.008531686,0.07461253,-2.001221403,0.440447082,-1.460783997,-0.075047059,-0.701400155,0.43213266,1.629409375,-2.497315227,0.005325683,-0.632113308,-0.016846108,-1.21966577,0.440447082,0.80351016,0.24644391,0.620592884,-1.915305713,3.6636712,1.601694636,-0.366051816,-0.346651499,-0.199763384,0.118956112,-3.331528863,-0.779001424
Basal_like,-1.604474788,-0.51053492,3.172730509,0.322465164,4.052565939,-0.741366268,1.028340736,-0.523916447,0.051489233,-0.671113249,3.610975533,-0.513880301,-2.136390504,-5.187378761,-1.922286065,0.222103708,2.282858934,0.596786476,0.486388875,2.393256536,-0.192723643,0.088288434,0.218758326,0.974814627,-0.316502772,-1.065868308,-0.29643048,-1.564330206,1.827887001,-0.875181542,0.289011345,0.784127861,1.185573684,1.158810629,-0.423554991,-0.179342115,-0.34995659,0.188649889,-1.119394418,-0.922016888,-3.103205862,0.342537455,-1.915595301,-2.601398583,-3.812426816,-1.433860313,-0.751402414,-0.584133321,-5.230868725,-1.055832163,-2.808812258,1.446513469,-0.965506853,0.830963207,2.246059734,0.074906906
HER2_enriched,-1.120514534,0.571897801,-0.897483451,0.899884687,-1.832246078,0.653894522,-0.448141417,0.617815965,-0.736769877,-0.822046467,-1.025398337,-0.585895909,-1.300907322,-2.960520968,-2.422622474,-0.326786269,-0.366144695,0.270149865,1.185233279,1.447622788,0.499740686,-0.569496565,-0.631814073,-1.979840177,-0.182472038,-1.409142995,-0.09063571,-0.346465482,-1.153313223,1.582097412,0.407904357,1.418103968,-0.382544039,-0.310386924,0.266869996,-1.241869682,-1.304187191,-0.933562009,1.060598262,-0.320226531,-0.43830181,0.503020555,1.218031967,0.178313537,-0.405503121,-0.828606205,-2.097915456,-0.999159386,1.64441492,0.076637602,0.34230698,1.004840491,-2.055277161,0.650614654,-0.710530926,0.621095834
HER2_enriched,1.276625018,0.153883294,1.254682183,1.905652955,-1.872171803,0.303826,-0.862801394,2.253081176,1.499710507,0.12828332,-1.923371752,-1.107829718,-0.987144125,-0.504401755,-2.625542471,0.270911748,0.17216899,-0.676287296,-0.321544797,-3.016856362,-6.015710478,-0.467830364,-0.391030441,0.292854583,0.175826129,-0.007030829,1.404624889,-0.343487632,-0.818915724,1.814224476,1.938567207,-1.038344074,-0.383716163,-0.497087477,0.029540563,0.943825354,-0.672630157,-1.36017232,4.004850836,-1.908743195,0.263597469,0.929196798,-0.647030183,0.856054014,0.728054143,0.376968784,-1.385772294,0.08805479,0.793882648,-0.076516473,1.733767414,0.168511851,-1.674686288,-0.756744358,-0.782344332,0.519597211
Luminal_A,-0.334097393,-0.770650136,0.260517549,0.587932106,-2.456646935,0.316968335,-0.699145807,-0.823337536,0.629329349,-0.303990307,2.115866705,-0.281409993,0.279334478,-3.894260277,-3.284591791,1.363189563,-0.97763635,0.222883692,-0.164745036,-0.943765878,-2.020094192,0.429869907,0.636856121,1.844902934,0.930400206,1.491144677,-0.52979345,-0.657748564,-0.428182036,-1.805581206,-0.428182036,2.413174177,2.590053305,-0.631404864,0.252990778,-0.488396207,-1.067957607,0.15514275,-0.435708807,0.061058107,-3.254484706,-0.16098165,-1.448059564,-1.361501692,2.108339934,-1.421715864,-0.277646607,-3.420073677,1.916407263,0.064821492,-2.166866235,0.802445092,4.189492233,-0.454525736,-0.887315093,-0.913658793
HER2_enriched,-0.168829476,1.021009631,5.18818807,-1.44914022,-4.86238835,0.291753404,-1.435432397,2.633049711,-0.82132189,-0.393637787,-0.804872501,-1.495746821,-1.608150977,0.039529446,1.445952169,-0.393637787,1.185503517,0.458988854,0.97440303,1.004560242,-2.03583508,-0.237368595,-0.229143901,0.62348274,-1.133860273,-0.344289621,-0.654086439,-0.503300377,0.881189828,1.021009631,1.604962925,2.331477587,1.349997402,-0.845995973,-0.766490594,0.352067829,0.469955114,-0.571839496,0.401415994,-1.586218459,-3.716414279,0.22595585,-0.884377879,0.708471248,-3.017315265,-0.292199891,-1.062579589,-1.240781298,-1.545094987,-0.467660035,-0.056425321,2.002489816,2.630308147,-0.24559329,-2.575923338,-4.157806206
Luminal_A,2.044284342,-0.758355637,3.158586984,1.740383621,-1.988965963,0.273406069,0.265902347,-1.332390332,0.592314232,0.22838374,1.128830319,0.093316753,-0.465710499,-1.643794774,-1.212330788,0.899966814,0.175857689,-0.150554196,-0.263110018,-0.649551675,0.104572335,4.426715917,4.156581944,1.08005613,1.23388242,0.082061171,-1.291119863,1.428979179,-0.799626105,-1.486216622,-0.109283728,-1.077263801,1.717872457,-1.970206659,-0.949700535,-0.060509538,-1.486216622,-1.531238951,-0.439447474,-0.536995853,1.845435722,-0.116787449,-1.111030548,-0.859655877,0.742388662,-0.803377966,-0.225591411,5.038269219,0.127083499,-0.413184448,-1.478712901,0.494765853,0.513525157,-1.227338231,1.068800547,-0.619536789
HER2_enriched,-0.475200254,1.005401796,1.577119419,-0.922312754,-1.061577303,0.488657021,-0.691426791,0.965088374,1.195974337,0.213792779,-1.472041238,-1.18251757,-1.713921771,9.438236737,0.232117062,-0.896658758,-0.097720028,1.067704357,-0.090390315,-2.54584421,-3.656295747,-1.079901586,-0.7244105,-0.438551688,-0.453211115,-1.18251757,1.562459993,0.386041037,0.136830791,-0.482529967,0.30907905,-1.226495849,0.635251283,-1.497695234,-0.196671156,-0.93697218,2.940446059,-0.698756504,1.20330405,-1.73591091,-3.282480378,0.807499542,-0.980950459,1.408536017,-1.625965213,0.136830791,0.023220238,-1.541673513,-0.057406606,-1.875175459,5.527834789,2.035226489,-3.670955173,-1.263144414,-1.710256914,0.972418087
Luminal_A,1.57212844,-1.383528441,-0.496171632,1.067423638,1.308230504,-1.284566715,-0.66770529,0.054715309,0.688070355,0.734252494,-1.040461124,-0.073934935,0.905786152,0.038221688,-1.845349828,0.364795384,-0.671004014,-1.126227953,-0.443392045,-0.050843865,1.159787915,0.66827801,0.595706077,-0.482976735,0.856305289,-0.433495872,-0.143208143,0.163573208,-1.871739622,-0.753472119,0.443964764,-0.987681537,0.892591255,-0.638016772,-0.572042288,1.364308815,0.07120893,0.028325516,0.160274483,-0.760069568,3.495284646,0.058014033,-0.377417561,-1.677114894,0.549523939,-2.053169453,0.664979286,-2.778888776,-0.819446603,-0.56544484,0.051416585,-0.420300975,0.094299999,-3.633258343,0.945370842,0.302119624
Basal_like,-1.390413574,-0.742618509,1.602264669,0.951095671,-0.155554232,0.117734311,0.819512298,-1.015907052,0.299926673,-0.864080084,2.098232765,-0.25677221,-1.47476189,-1.532118744,-0.169049962,0.451753642,1.389706913,1.490924892,0.387648922,2.948463788,-3.165102137,-1.28244773,0.151473638,0.927478143,0.843129827,-0.418720977,-0.725748846,-0.648148395,0.208830492,-2.318245047,-0.260146143,1.11641837,1.474055229,0.772277242,-0.644774463,0.920730277,-1.748050433,0.893738816,0.293178808,-0.56380008,-1.707563241,0.377527124,1.349219721,-0.698757385,-3.475503939,0.262813415,-0.283763671,0.438257911,-4.025454958,0.006394535,-2.78384775,0.768903309,0.522606227,0.367405326,2.455869624,-1.61646706
HER2_enriched,-0.821159549,0.704569746,-1.777396573,-0.595912606,-2.291639594,1.635307115,-1.373652052,-0.234667508,1.635307115,-1.020906839,-0.145418719,-0.36641572,-0.268667047,-1.016656896,-3.022629674,-0.043420103,0.007579204,-1.012406954,1.5333085,-1.471400725,-1.828395881,-0.595912606,0.322074937,0.194576667,-1.003907069,-1.539399802,0.589821303,0.908566978,0.373074245,2.544794773,3.624280124,0.904317035,1.605557519,-0.298416643,-0.625662202,-0.396165317,0.156327186,0.385824071,-0.693661279,-0.124169008,-5.258099338,1.116814152,-3.685620677,0.687569977,-0.62141226,-1.080406031,0.007579204,-2.15564144,0.534572053,-1.220654128,1.843554289,1.163563517,0.198826609,0.428323495,-2.117391959,0.033078858
Luminal_B,-0.8911724,0.198626305,-3.318546779,0.110434502,-1.61350526,-0.341023536,0.568191954,0.011743675,-0.362021584,-0.242332709,-1.361528681,0.620687075,1.374517007,-1.672299796,0.215424743,1.057446479,0.328814204,-0.958366155,-0.267530367,-1.762591403,0.773972827,0.07053821,0.099935478,0.566092149,-0.542604799,-0.578301481,0.410706592,0.347712447,0.175528452,0.267919864,0.874763459,-1.183045271,-0.257031343,0.891561897,0.809669509,-0.017653592,-0.376720218,-0.616097968,-0.687491332,0.656383757,1.376616812,1.112041404,-0.414516705,0.482099956,-1.357329072,0.532495272,2.865378434,-1.829785158,-0.912170448,1.151937696,0.095735868,1.351419154,-1.710096282,1.198133402,-0.943667521,2.42861903
Basal_like,-0.370895895,-0.014564729,0.058905615,-1.436215879,4.268756309,0.40421623,-0.49579548,-0.92559699,0.440951402,-0.49579548,1.293207389,-0.091708589,-3.912166462,-4.419111833,-0.271710932,-0.697838925,1.476883248,-0.455386791,0.169111131,2.376894959,-2.582353241,2.872819779,2.406283096,0.194825751,-0.334160724,-1.046823057,-0.966005679,-0.389263481,0.96626436,0.554830435,-0.275384449,-0.617021547,-0.161505416,0.63932133,0.826670707,-0.268037414,-2.310512969,1.105858013,0.224213888,0.11768189,-2.512556414,-0.455386791,-1.094578781,-1.079884712,-5.726883951,-0.209261139,-2.383983313,1.950766965,-4.797484103,-0.389263481,-2.332554072,1.943419931,0.819323672,0.793609052,-0.793350372,-0.881514784
Luminal_B,-2.591205826,0.066324141,0.544947296,-0.8976162,-1.901720721,-0.405604984,-0.452463195,0.538253266,0.317350271,-1.131907255,-1.225623677,-0.111067658,-1.212235617,3.322969805,-1.657388621,-0.167966914,-0.790511718,0.146652502,0.879648803,-0.104373628,0.049589065,5.307749743,6.12442142,-0.342011698,-0.064209447,-0.559567678,0.568376401,-0.121108703,-0.823981868,-1.004720682,-0.244948261,1.428559275,-0.107720643,-0.000616161,0.049589065,-1.105131134,-0.014004221,0.94993612,0.166734593,-0.693448281,0.839484622,1.20765628,0.682174914,1.110592843,-0.208131095,-0.345358713,0.109835337,-1.918455797,-0.964556501,0.337432361,6.405570686,-0.857452019,1.800077948,1.254514491,-0.526097527,-4.371817844
HER2_enriched,-2.056971478,0.220149638,-0.396012546,0.009659451,-8.92660577,0.472737863,-0.39983964,-0.610329828,0.354097939,-0.805511638,-1.666607858,-1.119333371,-0.927978656,-2.79560068,7.158671628,-2.045490195,-0.34626032,-0.947114127,-0.112807567,0.977914312,-1.027483108,-0.98538507,-0.751932317,0.564588127,-1.237973295,-0.916497373,-0.055401152,-1.184393975,0.093855526,-0.79020326,-0.296508094,0.281383147,-0.962422504,0.112990998,-0.690698808,1.088900048,-1.800556159,-0.020957303,0.710017711,-2.099069515,-2.07610695,-0.350087414,-1.268590049,0.48804624,1.161614839,-1.873270951,-4.150392067,1.203712877,1.04680201,-0.503171187,-2.581283399,0.633475824,-3.714103316,-0.017130209,-1.930677366,-1.341304841
Basal_like,-1.087942733,0.62485271,0.026876757,-0.051250754,-1.652864738,-0.255584246,1.998093968,-1.021834838,-0.327701949,-0.297652906,0.474607496,0.270274004,-1.364393927,-4.777965195,4.263791799,0.54071539,-0.012186999,1.180760003,0.114018981,2.830452455,-2.13064452,-0.61617276,-0.61617276,-0.243564629,0.51968106,-0.018196807,0.089979747,-0.480952067,-0.276618576,-0.913658284,0.20416611,-0.222530299,0.047911087,6.144861881,0.303327951,1.123666821,0.30933776,2.106270522,0.276283813,-0.30065781,-1.09996235,0.237220057,0.85623034,-2.007443444,-2.316948585,0.234215153,-1.361389023,2.217451981,-4.204028476,-0.51100111,-2.169708275,0.636872327,-0.514006014,0.901303904,2.085236192,-0.53203544
Luminal_A,2.23020726,-1.159571569,1.896060416,3.039406244,-5.189463027,-0.479200284,1.92826734,1.10699076,0.937904405,1.239844324,0.958033733,-0.438941628,1.155301147,-3.406004569,-2.327072591,0.966085464,-1.244114746,0.225326195,-0.660364235,-0.59192452,0.39441255,-0.897890305,-0.813347128,2.830061233,1.819568969,1.948396668,-0.849579918,1.38074962,-1.372942445,-2.182141429,-0.120898246,0.644016216,1.638405018,0.656093813,-0.861657515,0.148834749,-2.306943263,-0.229596617,-0.628157311,-0.978407617,0.277662448,0.986214792,-2.496158945,-0.837502321,0.885568152,-1.127364644,2.423448808,-1.272295805,0.933878539,-0.269855273,-2.516288273,-0.962304155,0.680249007,-0.350372585,1.094913163,-1.087105988
Luminal_A,1.495410575,-0.684942422,4.01088424,0.916189665,3.97364861,0.779659022,1.95465001,-0.38292009,0.568657119,-0.10158422,-0.436704889,-0.66425596,0.432126476,-3.862382841,-3.175592334,1.313369717,-0.705628883,-0.639432207,-1.479302526,-1.595146708,1.24303575,-1.756501105,-1.744089228,0.750697976,1.470586821,0.130104144,-0.784237435,0.953425295,-2.865295418,-1.9716403,0.676226717,0.183888943,3.237210596,-1.007651214,-0.552549071,0.378341677,-2.075072605,-0.705628883,-5.256650317,-1.54136191,0.175614359,0.287321249,2.219436712,-0.49462698,1.706412478,1.528508912,-1.442066897,-0.651844084,0.713462346,-0.403606551,-4.425054582,0.40316543,3.762646708,-0.38292009,-1.226927701,-1.471027942
Luminal_B,-0.739844212,0.081652957,-3.263014086,0.089476739,-1.729552705,-0.125677281,-0.567720995,1.971096444,-0.113941607,-0.466011822,1.37648897,-0.653782603,0.55107991,-4.037568559,-3.266925977,-0.692901516,-0.966733906,-0.219562672,-0.360390758,-2.461076374,-1.979913747,0.089476739,0.351573455,0.0620935,-0.732020429,0.891414451,0.410251824,0.038622153,-0.540337756,-2.124653724,-0.481659387,0.691907996,0.860119321,0.112948087,-0.927614993,-0.516866409,-1.420513294,-0.235210237,-3.525110802,-1.244478187,2.432699615,1.669880816,1.403872209,0.418075607,1.708999729,0.441546954,1.607290555,-0.188267541,2.166691008,-0.188267541,-3.266925977,0.860119321,3.688416715,-0.344743192,1.153511167,-1.674786227
Basal_like,-0.300939613,-1.097059621,0.035011738,1.500211327,-0.859917491,0.811369901,0.625043942,-0.004511951,0.232630179,-0.337640181,3.177144961,0.780315575,-0.080736207,-2.062566865,-0.394102593,0.080181667,0.263684506,2.493949777,-0.182368548,2.858132334,-1.89317963,-0.385633231,-0.439272523,1.545381256,0.483887912,-0.399748834,0.625043942,0.181814009,0.210045215,-1.441480334,0.644805786,2.135413461,0.639159545,0.977934017,-0.504204296,-0.176722307,-0.202130392,-0.66229905,-1.410426008,0.006780532,0.229807059,0.2354533,0.653275148,0.170521526,-0.439272523,-1.032127848,1.449395156,7.795770256,-0.323524578,-0.552197346,-2.847394391,0.61657458,1.838985798,1.37034778,0.311677556,-0.354578905
Luminal_B,0.94974174,0.989917714,1.371589465,-0.351959809,-2.517444793,0.069887916,-0.87022987,0.114081487,0.230591811,0.79707304,1.198832778,0.740826677,-0.159115135,-2.300494535,-2.336652911,-0.484540522,0.732791482,-1.87864681,0.881442585,-2.899116543,1.717102839,1.36355427,0.576105185,0.620298756,0.560034795,0.102028695,-1.059056946,0.32299655,0.459594861,1.110445635,0.604228366,-3.413369007,0.266750187,1.026076091,1.869771539,1.054199272,-0.974687401,1.066252064,-0.834071493,0.242644603,4.629860934,-0.464452535,-1.440728697,0.142204668,0.672527522,4.396840287,-0.327854224,-0.552839677,0.88947778,0.355137329,-1.059056946,-1.396535126,2.030475434,-0.761754741,0.302908563,0.403348498
Luminal_A,1.174339071,-1.18225043,0.288990529,1.256798004,-2.540652849,0.618826261,0.184831878,-1.525105992,0.167472102,1.391336263,2.064027557,0.319370136,0.26729081,-2.566692512,-0.778635653,0.306350305,0.011234124,2.068367501,-0.609377844,2.259325029,0.280310642,-0.101604415,-0.023485426,0.501647777,1.044140756,0.866203059,0.111052832,0.770724295,0.23257126,-1.264709362,-0.813355204,2.476322221,1.130939633,0.319370136,-1.494726385,0.857523171,-1.68134397,-1.256029475,-1.173570542,-0.305581775,0.145772383,0.479948058,-0.787315541,-3.265423469,-0.288222,1.213398566,-0.652777282,-0.535598799,-0.444459978,-0.474839585,-2.527633018,0.024253956,5.162747453,1.608333454,0.549387159,-1.946080544
Basal_like,-3.051663989,0.533877202,3.718570038,-0.82332589,0.918944125,-0.195224924,-1.18629881,-0.476134402,-0.173130921,-0.349882951,1.717484549,1.65751511,-2.660284493,-3.099008283,-1.009546779,0.189841999,0.795848961,1.689077973,-0.734949875,3.497629999,-0.867513898,-0.075286047,-0.094223764,0.353968885,0.922100412,-1.322019119,0.293999446,-1.871212928,1.518638515,-1.533490299,-1.407238848,-0.488759547,-0.416164963,0.647503507,-0.252038077,0.192998286,-3.291541745,-0.889607902,0.224561148,0.808474106,-1.640804031,1.275604473,0.139341419,-3.307323176,-3.433574627,-1.407238848,-0.741262447,0.742192095,-2.969600547,-1.009546779,-2.4519696,0.275061728,2.61071356,-2.256279852,2.187771202,0.937881843
Luminal_A,0.783302743,-0.408634834,-3.818681413,1.245079884,-3.151669987,0.36888736,2.314666253,-1.442699885,0.171546702,-0.159985604,-0.759901206,0.289951097,1.379271532,-2.587275704,-3.854202731,0.755675051,-1.596625598,-0.558613734,-1.205891094,-1.932104718,0.400461866,-0.302070878,-0.440209339,0.609642964,0.041301867,1.118781863,-0.558613734,2.152846913,-1.032231315,-2.342573287,0.337312855,1.718697464,1.714750651,-1.036178128,-1.087486699,-0.199453736,-0.696752195,-0.242868681,-2.441243616,-0.41652846,0.838558128,0.167599889,-1.742657685,-0.361273076,1.02800516,0.404408679,-1.782125817,-1.979466476,2.239676803,0.818824062,-1.782125817,-1.170369776,3.044826689,-3.933138995,-1.079593073,-1.024337689
Luminal_B,1.884017898,-0.687546697,0.182109694,0.652783941,-4.505930489,-0.425714665,0.874094348,-0.812228616,-0.341554369,-0.26362817,-1.653831575,0.967605788,1.97441229,-1.931248846,-2.87259734,0.577974789,0.319259805,-0.394544185,-0.846516144,-2.467381101,-0.771706992,-0.057903002,-0.135829202,1.335417451,0.615379365,0.752529476,-0.191936066,-0.101541674,0.802402244,-2.027877334,-1.114582272,-7.382965787,-0.282330457,0.288089325,-0.460002193,-0.522343153,0.447058773,-0.210638354,-1.554086039,1.83414513,-0.117126914,0.537453165,-1.139518656,-1.214327808,-0.114009866,0.861626156,1.983763434,0.961371692,-0.547279537,-0.765472897,0.225748366,-0.195053114,0.306791613,0.88656254,-1.145752752,-1.108348176
Luminal_A,-0.882066252,-0.695770046,-4.690390606,0.547398864,-0.960883877,0.060162634,-1.111353889,-1.183006276,0.3503548,0.715781972,0.275119794,-0.323177635,-0.735178859,-3.826979346,-5.435575428,0.497242193,-1.297650095,-1.082692934,0.02791906,-2.666210681,2.087925178,1.145696293,1.145696293,0.73011245,0.060162634,1.167192009,0.113901924,0.919991275,-1.233162947,-2.268539935,-1.036118883,0.02791906,1.16002677,-1.433789629,-1.666659886,-0.419908357,-4.138667229,1.249592254,-1.845790853,0.063745253,-1.018205786,0.773103882,-2.472749237,-1.254658663,2.335125913,-1.451702726,-0.989544832,-1.512607255,1.521871323,-1.172258418,-2.641132346,0.146145498,4.115687723,-0.419908357,-0.613369801,-0.498725983
HER2_enriched,-1.132857075,-0.882622341,2.694102388,0.292392931,-0.66502692,0.643265547,-0.912541711,1.045817076,-0.091118998,0.463749325,-0.023120429,-0.020400486,-0.624227779,1.663244082,-0.0149606,0.401190642,-1.799243051,1.410289406,0.626945891,2.209952577,-1.491889519,-3.812000693,-0.276075105,-0.16183751,-1.388531694,-0.841823199,0.792862399,0.939739308,-1.785643337,1.603405342,1.989637214,1.494607631,0.523588066,-6.782178187,-2.821941529,0.558947322,-0.866302684,-0.006800772,-0.101998769,-0.077519284,-5.18829173,0.580706864,2.490106681,1.407569463,-1.97603933,-2.188194866,0.550787494,-0.580708695,-1.317813182,0.798302285,1.067576618,-0.325034075,-0.088399055,-0.455591328,-3.246252599,-7.328886682
HER2_enriched,0.200569096,0.686398601,2.017931316,-0.447203576,3.101151174,0.326524894,-0.663127801,0.423690794,0.348117316,0.628818807,-0.879052025,-0.472394736,-1.37567774,3.853287222,-1.386473952,-0.933033081,-1.386473952,-1.134562357,0.758373342,-2.005456728,-2.019851676,0.160982988,0.304932471,0.351716053,0.546047855,0.124995618,0.157384251,-0.018953865,-1.354085318,1.855988148,2.147485851,0.463276902,2.118695954,-0.803478546,-0.522777055,0.873532928,1.625668976,0.499264273,-0.386025046,1.873981833,-2.081030206,-0.60194927,-0.072934921,-0.101724818,0.017033506,0.452480691,-2.045042835,-0.069336184,0.427289532,-1.224530783,3.083157489,-1.030198982,-1.951475672,-1.217333309,-0.27086546,0.236556467
Luminal_A,3.785228546,-0.453588478,2.640017782,3.477789415,-3.71628626,-0.315240869,0.637820439,-0.784085544,-0.749498642,-1.068466741,-1.083838697,0.084430002,0.683936308,-0.326769836,-2.259793375,0.703151254,0.142074839,-0.438216521,-0.703382772,-0.207637173,1.414104245,-0.568878152,-0.53429125,0.895300711,-0.142306357,1.563980822,-0.568878152,1.102822125,-0.126934401,-0.591936087,-0.918590164,-0.161521303,-2.901572562,-1.410492774,-0.795614512,0.334224296,-0.791771522,-2.025371037,-2.121445766,1.245012723,3.043531642,-1.16069848,-3.239755606,-0.073132553,3.554649198,-1.02619386,-1.045408806,-2.571075496,2.15580115,0.011413208,-0.784085544,0.557117667,-0.98392098,0.276579459,-1.471980601,-0.000115759
Luminal_A,-0.551824493,0.237226562,-1.63920934,-1.382698043,-1.463554865,0.488161526,1.157321432,-0.253490702,-0.217244541,0.198192234,0.995607788,0.663816002,-1.07042342,-2.860426167,-0.841793786,0.58295918,0.719579327,-0.858522783,-0.088988892,0.800436149,-3.013775312,1.346916739,1.413832729,1.056947446,1.277212582,-0.526730997,-1.508165525,2.359021096,0.390575707,-1.457978532,-0.685656474,0.962149793,-0.038801899,0.730731992,-0.300889529,1.017913118,-1.962636628,0.705638496,-1.207043568,-1.134551244,-2.227512423,-0.192151044,-1.536047188,-0.900345278,-4.151347152,-0.161481215,-0.891980779,-1.460766698,-4.485927105,-0.136387719,-2.071375112,1.129439769,0.01417326,-0.192151044,1.703802021,-2.771204847
Luminal_B,-1.444211634,-0.257500348,3.011160562,-1.069460702,-4.608775063,-0.265828147,-0.598940086,0.683540882,-0.440711915,1.566287523,0.337937244,-0.836282344,-0.220025255,5.800973058,-3.57196415,0.983341628,-0.41572852,0.454526423,0.050628196,-1.310966858,-0.407400721,0.800130061,0.437870826,0.100594987,0.662721386,-0.786315553,0.375412338,0.775146665,-0.361597829,0.687704781,0.958358232,1.353928661,-0.220025255,-1.090280198,-0.432384117,0.508657114,4.243674739,2.182544611,-1.306802959,1.204028288,-0.353270031,0.708524277,1.166553195,-2.447711353,-1.265163966,2.186708511,-0.669726374,-1.527489619,-0.41156462,-0.782151653,6.921061956,-1.29847516,-1.594112007,-0.723857064,-1.419228238,-1.065296802
Luminal_A,-1.229324842,-0.28841841,-4.005194024,-0.651506784,-6.79667991,-1.768101139,2.296146144,-1.018499334,0.168370189,-0.72568613,0.070765788,-0.304035115,-0.483627214,-2.529415471,-3.849026981,0.422141633,-1.014595158,-0.850619764,-0.788152947,-0.39773534,-1.838376308,-1.041924391,-1.045828567,0.629062965,0.020011499,-0.885757348,-0.503148094,-0.573423263,-0.811578003,-2.564553056,-1.502617166,0.101999196,-0.776440418,-0.710069425,-0.179101481,1.08975574,-2.138997865,-0.319651819,-2.21317721,-0.963840869,-1.572892335,-0.948224165,-0.561710735,-1.088774504,-0.335268523,-1.373779356,-4.996854744,1.269347839,0.168370189,-0.963840869,-1.748580258,-1.233229018,-0.358693579,-0.471914685,-3.774847636,0.531458563
Luminal_B,-0.307352327,-0.700921541,-2.655380901,0.584202422,-4.010115745,-0.200258664,-0.360899159,-0.162775881,0.163859792,0.624362546,-0.34483511,1.058091883,1.199990987,-1.038266581,-1.951240063,0.653813303,0.570815714,-0.703598882,-0.419800674,-2.020850944,0.046056763,0.723424185,0.59758913,-0.111906391,0.961707586,0.4797861,-0.093165,-0.146711832,2.428890777,-1.273872641,0.169214476,-3.239041367,-1.461286552,2.897425555,0.182601184,0.386079144,-0.184194614,0.287017506,-0.794628497,0.493172808,0.506559516,1.612301592,-1.455931869,-0.090487659,-0.767855081,-0.941882284,0.29504953,-0.545635729,-0.272546887,2.677883545,0.383401803,-0.157421198,-1.247099225,-0.259160179,-1.712956662,0.353951045
HER2_enriched,-0.875218872,1.555247167,4.365687474,0.151738609,-1.78921103,1.760638663,-0.495244604,1.425165886,0.069582011,-0.649288226,-0.697212909,-0.95737547,-1.600935492,3.886440649,-2.617623398,-1.210691649,-0.057076079,0.497480961,1.343009287,2.602743798,-2.165762107,-1.142227817,-1.097726326,-1.114842284,-0.395972047,-1.535894851,0.850069696,0.435863512,-0.89233483,0.826107355,-0.365163323,2.044763566,2.407621876,-1.097726326,-0.293276299,-0.693789717,2.489778475,-1.422929529,1.64767334,1.195812048,-6.910305669,-0.310392257,-0.207696509,2.558242307,-3.17560363,-0.573978011,-1.580396342,-2.816168511,-0.526053328,0.346860531,3.831669583,1.120501833,0.678910116,0.079851586,-2.295843388,-3.678812795
Luminal_A,0.144919827,-0.745671255,-4.649708893,0.346563091,-1.543842508,0.240140258,-0.558030995,0.102910814,0.447384723,0.366167298,1.531217267,0.609819575,0.049699397,-3.25220905,-1.574649118,0.870275458,-0.642049022,1.038311511,-0.333982924,1.175540954,-2.680886469,0.158922832,0.172925836,1.133531941,1.029909708,0.116913819,0.18412824,0.464188329,-0.291973911,-2.697690074,-0.213557086,1.455601043,1.987715212,-2.17957891,-0.412399749,0.114113218,-1.260981818,1.267960784,-1.535440705,-0.13233966,-1.776292382,-1.636262337,-1.546643109,-0.308777516,-1.151758384,0.338161289,0.587414768,-0.614043013,-1.989138049,-1.700676158,-1.714679162,-0.558030995,2.615049811,0.811462839,-0.451608162,-5.005385206
Luminal_B,-0.14498207,-0.761016442,-8.643741973,0.01426491,-2.588166007,-0.480238871,-1.201040993,-0.601769461,0.194465441,0.11484195,0.374665971,-0.698155792,1.460059864,-4.251877881,-3.96271889,-0.350326861,-0.966361232,-0.693965082,-0.534718101,0.261516801,-1.196850283,-0.383852541,-0.266512661,-0.945407682,0.714113482,0.307614611,-0.312610471,0.869169752,-1.615921284,0.471052301,0.181893311,-0.1575542,1.154138033,0.408191651,1.128993773,-0.1156471,2.247913346,1.208617263,-1.720689034,2.842994168,-1.238757383,0.663824962,-0.781969992,3.429693569,2.218578376,0.973937503,1.166710163,1.330147854,-0.874165612,1.242142943,-3.241916769,-0.978933362,-0.12402852,-0.631104432,-2.261290626,-0.467666741
Basal_like,-1.066348965,1.69892745,2.967701335,0.545825259,4.970267523,1.153101648,0.065064784,-0.245802891,0.375932459,-0.437384133,1.398903996,-0.701260183,-2.158000569,-3.13036574,-0.462687316,0.957905666,1.232625937,2.176073184,0.784398126,1.033815214,-1.297692351,-1.500117814,-1.131414292,0.339785055,0.603661105,-1.077193186,-0.112057496,-0.245802891,0.086753227,0.130130111,0.372317719,1.471198804,2.074860453,-0.947062531,0.242187064,0.112056409,1.337453409,0.755480203,4.485892308,0.050605822,-2.244754339,-0.795243434,0.039761601,-2.16523005,-3.296643799,-0.328941921,-0.777169732,-0.440998874,-3.56774933,-0.744637068,-1.886895038,0.375932459,-0.263876593,-0.58920323,0.347014536,-4.659400934
Basal_like,-1.042411168,-0.108367841,-1.017412441,0.159800316,3.641441134,0.007535345,0.1961621,0.262067833,-1.094681232,-0.574253199,2.930113734,0.012080568,-0.858329636,-1.396938562,1.834714991,-0.701519443,1.284743008,1.89380289,2.28696468,1.214292052,-0.9696876,-1.310579325,-1.310579325,-0.426533451,-0.506074854,-0.101550007,-0.206090136,1.157476764,-0.203817524,2.355143025,0.050714964,2.796029656,0.125711143,0.027988849,-0.765152565,0.505237264,-0.024281216,0.396151912,2.223331558,0.982485679,-1.456026461,-0.921962758,1.623362122,-1.185585692,-1.89464048,1.746083143,-1.642380604,0.289339171,-1.94009271,1.077935362,-2.89458954,-0.506074854,-1.178767858,0.98475829,-0.92423537,-2.726416289
Luminal_A,0.745286531,-1.437622785,-2.140275998,1.466677164,-1.367357463,0.787445724,0.77339266,1.012294752,-0.978556019,1.2558812,-0.008894584,-0.411749093,1.803950706,-5.887759803,-3.212993237,0.881132819,-0.645966831,-0.47733006,0.033264609,0.548543632,0.281535411,1.644682645,1.644682645,0.422066053,-0.46796135,-0.027632003,-0.360221191,0.932660722,-1.601575201,0.759339596,0.782761369,0.267482346,2.169330377,-0.833341021,0.136320413,-0.486698769,-4.126442415,-2.655555021,-2.01379842,-2.68366115,3.134307457,-1.311145206,-2.327650188,0.656283791,-0.008894584,0.918607657,-1.090980533,-0.912975052,0.295588475,0.482962665,-4.777567726,0.38927557,2.492550855,-0.421117803,-1.217458111,-1.231511176
Luminal_B,-0.631831373,0.432707818,-5.567931516,-0.802717928,-3.707789351,-1.643143604,-0.654242725,1.819410184,0.696041196,-0.060341913,0.292636871,0.334658155,0.844516399,-2.057753605,-2.971016174,0.413097885,1.432814373,-1.309774753,0.228204236,1.261927819,0.513948966,-0.175200089,0.057317682,-0.923178941,-0.287256846,1.138665386,0.631608561,0.317849642,0.953771737,0.645615656,0.533558899,-1.304171915,-2.522789146,0.872530588,0.827707886,-0.332079548,0.315048223,-0.811122184,-1.116476847,-0.987611576,0.03490633,-0.968001644,-2.730094147,3.721573633,0.953771737,-0.90076759,1.965083968,-1.26495205,0.934161805,1.446821468,0.253417006,-0.480554751,-0.474951914,-0.623427116,1.679339238,2.494552145
HER2_enriched,-2.04674826,0.431727541,5.101138444,-1.212255147,2.544526584,0.497361831,-1.643566194,-0.687180828,0.172315824,-0.405891015,-1.577931904,-0.080845008,-1.718576811,5.63558909,-2.181142282,-0.274622435,-1.618562655,-0.762191445,0.831784164,0.184817593,-1.67794606,-4.687747064,-1.415408901,-0.230866242,-2.42805223,-0.771567772,1.056816015,1.350607598,-4.381453712,0.394222232,-0.287124205,2.363250927,1.547510468,-2.265529226,-0.634048308,-0.987223296,0.556745236,0.066050783,1.259969769,0.744271778,-5.916045917,0.831784164,-2.54681904,0.778651644,-1.799838313,-3.425068346,-0.655926405,-3.753239795,0.3254625,-0.205862703,4.204136484,0.08792888,2.935206881,-2.312410862,-1.693573272,0.128559631
Luminal_A,2.080026848,-1.441904379,1.332335396,0.067011401,-3.647763322,0.642158672,0.926349088,-0.985169782,0.503446683,0.980480596,0.554194972,1.295119985,1.711255951,-1.705795479,-1.678729725,-0.01756908,-0.298376276,-0.4607708,-0.274693742,-0.23747833,-0.305142715,0.195573732,0.42901586,0.838385388,1.217305942,0.929732307,-1.340407802,1.014312788,-1.113732113,-1.655047191,-0.914122178,1.1394919,0.760571345,0.303836748,-1.939237607,0.378267571,-2.866239678,-2.605731797,-2.196362269,-0.910738958,0.557578191,-0.491219773,-4.696561286,-1.374239994,1.508262797,0.56096141,-1.753160549,1.342485054,1.065061077,-0.386339977,-2.14561398,-1.008852316,3.680289547,-0.572417035,1.078593953,-1.973069799
HER2_enriched,-0.057306813,-0.224282425,2.004479004,0.363762121,-5.810705616,0.726752582,2.225903185,1.245828941,0.145967845,0.400061167,-0.380368323,-0.859515731,-1.429410755,2.995442961,-2.11909263,1.122412184,0.044330516,-0.514674794,-0.652611169,-0.08634605,-5.912342945,-1.676244268,-1.930337591,0.625115253,0.214936032,-1.178947337,-0.543714031,-0.071826432,-1.371332281,-0.946633442,-0.053676909,0.88283848,-1.00834182,-2.275178528,0.356502312,0.287534124,2.853876682,-0.982932488,-0.387628132,-0.380368323,-3.74165999,0.708603059,-1.400371518,0.407320977,-2.823294124,-0.017377863,-1.327773426,0.062480039,-1.273324857,-0.046417099,-2.238879482,0.084259466,-1.560087321,-1.164427718,-1.643575127,-2.460303663
Luminal_B,-1.532889333,0.887292981,-5.79182878,-2.281474253,-1.368152198,-0.28040259,-1.389955642,-0.348235527,0.279219147,-0.447562329,-0.626835093,0.201695789,-1.433562531,-3.11242774,-2.790221286,-1.065326583,0.148398481,-0.004225629,1.156202127,-0.537198711,-0.202879232,-2.569764238,0.276796542,-0.878786005,-0.496014427,-0.447562329,1.127130868,1.878138393,2.038030318,0.833995673,-1.336658334,-0.520240477,-1.578918826,1.027804067,0.809769624,-0.399110231,-0.779459203,0.567509132,-0.481478798,-0.697090636,-3.570300069,1.115017844,-1.021719695,2.854448175,0.075720333,-1.700049072,0.536015268,-0.764923573,1.892674023,0.208963604,-1.273670606,0.499676194,-1.656442184,0.959971129,-1.016874485,1.405730434
Luminal_B,-1.839474667,0.607630222,-2.373511369,-1.653575815,-5.182274025,0.600870264,0.709029596,-0.605782285,-0.426643391,-2.042273415,-0.257644435,0.719169533,1.51008465,-4.918635653,-5.023415006,0.590730327,-0.686901784,-0.257644435,-0.389463621,-2.275491974,-0.514522848,1.077447321,0.884788511,0.093873395,0.03303377,0.300052122,1.00308778,0.090493416,0.627910097,-0.835620866,-1.193898653,-0.416503454,0.482570994,1.053787467,0.583970368,-1.122919092,-1.558936399,-1.832714709,-0.538182702,1.435725109,-3.269205838,0.766489241,0.374411662,0.935488198,1.716263376,0.090493416,2.510558472,-1.001239843,1.844702583,0.560310514,-4.442058596,0.03303377,0.174992894,1.182226674,-0.47058312,0.526510723
Basal_like,-1.864063492,1.066449254,-1.406016962,-1.144979692,0.591164414,0.278412213,0.214384203,-0.615517305,-0.371718346,-0.243662327,1.327486524,-0.682007931,-2.164502614,-2.036446595,-1.260722632,-0.290452026,1.359500529,2.691775651,0.869439994,3.19661188,1.773219975,-0.273213716,-0.765736866,-1.152367539,0.197145893,-1.553773907,-0.36925573,-1.137591845,0.926080156,1.418603307,-0.477610823,-2.176815692,-2.290096017,1.977617082,1.246220204,0.074015106,3.120270792,-1.002147978,2.457827154,0.768472748,-3.624833755,-0.915956427,0.381842075,-1.58086268,-1.928091501,-0.231349248,-1.558699139,-2.437852962,-4.518763273,0.049388948,-2.551133287,2.137687106,-2.592997755,1.711654581,2.578495326,-0.92580689
Luminal_B,-2.360852234,0.887372439,-2.538927496,-1.012097014,-6.819329147,-1.091241575,1.04566156,0.610366477,0.514733467,0.396016626,0.043163793,1.546910444,1.269904482,-2.766468107,-5.051767294,-0.682328012,-0.250330619,-1.259423766,0.791739429,0.547710367,1.853595616,-1.021990085,-1.021990085,0.053056863,-0.293200589,-0.514145821,-0.177781438,2.117410818,1.062150011,0.659831828,-0.636160352,1.078638461,0.270704405,0.91705165,0.524626537,-1.124218475,0.082736073,0.521328847,1.101722291,-0.134911468,1.734878775,0.702701798,-1.378140607,-0.247032929,2.997894055,-1.124218475,0.485054256,0.165178324,3.070443235,1.365537493,-0.33277287,0.405909696,-2.918161848,1.368835183,-1.991510952,1.263309102
Luminal_B,-0.686326457,0.358134425,-0.086842992,0.481739263,-1.73387746,-0.148645412,-0.216628072,-1.372333309,0.194358014,-0.287700854,0.249980191,0.694957609,-0.905725045,-3.937133699,-3.102801042,-0.53182041,-0.56581174,-0.599803071,1.452037242,0.673326762,-0.868643593,2.997097718,3.22885679,-0.887184319,0.923626559,0.392125755,-0.250619403,0.976158615,0.99160922,-0.009589969,0.44156769,0.901995712,-0.343323032,1.195557203,0.565172529,-0.349503273,-1.622633106,1.044141276,0.574442891,0.008950757,-0.79139057,-0.040491178,-1.094222423,-0.587442587,-0.102293597,0.237619708,-0.56581174,-1.597912138,-0.735768392,0.583713254,-3.924773215,-0.738858513,0.484829384,1.282080589,-1.560830687,-1.712246613
Luminal_A,0.072645879,-0.843647216,0.965292701,0.852972902,-1.289970627,0.666758499,-0.438704784,-1.63875316,0.764299377,1.902276285,0.776122513,0.634244873,-0.397323805,-4.431969208,-3.698934732,1.331809939,-0.530334093,0.89435388,0.063778527,0.303197045,-0.128347445,0.388914786,0.714051046,1.048054658,-0.066275977,-0.805222022,-0.054452841,1.003717895,-0.063320193,-1.612151102,-0.350031258,3.146661424,2.307218717,-1.177650828,-0.456439489,-0.695858007,-1.946154714,-0.923453389,-0.725415849,0.111071073,-2.416124399,-0.979613288,-2.507753708,0.300241261,-1.041684756,-1.035773188,0.746564672,-3.660509538,-0.47121841,-0.9027629,-3.793519826,0.096292152,2.0116403,-2.404301262,-0.010116078,-0.488953115
Luminal_A,0.912078803,-0.796058425,0.933400904,-0.109012938,-2.24122307,-1.409661118,0.435885207,-0.537824087,0.286630498,0.409824861,-0.765259834,-0.165871875,1.350366441,-1.537593726,-3.394985663,-0.082952592,-1.708170537,-2.679510708,-1.246191675,-3.982528011,1.587278678,0.071040362,-0.040308389,1.660721472,0.06867124,1.551741843,-0.703662652,-0.336448685,-1.374124283,-2.459182328,-1.852687001,-1.305419734,0.29847611,-1.518640747,-0.923991033,0.575663427,-1.426244975,-2.399954268,-1.272252021,-1.10167521,4.427856398,-0.42173709,-3.267053055,-2.914053822,2.608370419,-1.419137608,0.753347604,0.341120312,2.129807701,-0.336448685,-1.040078029,-1.075614864,-1.243822552,-0.398045867,-3.2717913,-0.5709918
Luminal_B,-1.904185259,1.025992802,-5.316372165,0.625680371,-4.507577663,-0.986462205,-0.53985514,-0.594319416,-0.365569456,-1.024587198,-0.896596149,-0.049676654,-0.428203374,-2.672131554,-4.54842587,0.489519681,0.317957211,-1.217935379,-0.016998088,-0.115033785,1.420858804,-0.417310518,-0.662399761,-1.152578247,-0.50445336,-0.558917637,-0.594319416,0.130055458,1.271082045,0.157287596,-0.134096282,0.110992961,-0.923828287,-0.019721302,0.454117901,0.170903665,-2.514185153,-1.22610502,1.630546268,0.350635776,-0.142265923,0.116439389,1.194832058,0.091930464,0.990591022,-0.842131873,1.347332031,-1.294185366,1.783046241,0.593001806,-1.675435299,0.146394741,-1.620971023,0.138225099,-3.301193945,1.584251633
Luminal_A,2.085315661,0.129206607,-4.832961854,0.254006907,-2.399355998,-0.747108545,0.755921158,-0.462238294,0.932269409,2.470568762,-0.076985193,1.27411371,1.23341796,-2.304399248,-2.339668898,0.658251358,-1.148639946,0.457485658,-1.411805796,-0.779665145,-0.302168344,1.038078359,1.040791409,0.905138909,0.983817359,1.119469859,0.281137407,0.896999759,1.095052409,-2.486173599,0.441207358,-0.014585043,0.934982459,0.294702657,1.42875756,0.495468358,-0.652151795,-0.321159694,-0.877334945,-1.205613996,-0.017298093,-1.064535395,0.728790658,-0.261472594,-0.003732843,0.262146057,0.148197957,-0.977717795,-1.862172097,-0.407977294,0.449346508,-1.211040096,2.104307011,-1.647841147,-0.652151795,-0.144811443
Luminal_B,1.45581775,-0.42080779,-4.729156814,-1.206961732,-3.881012238,-0.975905735,1.26984585,-0.730760957,-0.42080779,-0.389812473,0.376617177,0.306173275,3.143653633,-1.209779488,-3.385087171,0.303355519,-0.15593872,-0.533518032,-0.69976564,1.12614029,1.565710236,1.44172897,1.543168188,-0.809658127,0.506233956,1.11205151,-0.285555499,1.963013842,-0.243289158,-2.536942595,-0.823746907,0.235729373,-1.705704556,-0.854742224,0.740107709,-0.651863787,0.308991031,0.089206058,-1.040714124,-0.34191062,3.20282651,-0.336275108,0.559771321,-0.660317055,2.5941912,1.329018727,0.227276105,0.630215223,-0.15593872,0.497780688,0.348439616,-0.863195492,-1.959302602,1.072602925,-1.302765438,0.027215425
Luminal_B,-0.494092929,1.585362605,-0.578623642,0.043522404,-5.150044587,0.547325452,-0.656391897,-0.372368702,-0.041008308,0.391788941,-1.24134443,-0.084964279,0.780630219,5.767942272,-0.247263248,0.452651054,0.476319654,-0.409562216,0.855017247,-1.481411654,0.205821373,0.740055477,0.740055477,-0.480568015,0.510131939,0.330926828,0.141578031,0.527038081,0.628474937,2.07225951,0.73329302,1.920104227,-1.356306199,0.385026484,0.702861964,0.702861964,0.66566845,-0.041008308,-1.968308559,1.000410073,-2.499161435,1.450113464,-0.947177549,0.601425108,0.036759947,0.161865402,0.865160932,-2.340243695,1.159327813,-0.352081331,5.193133425,-0.064676908,-2.269237897,0.46279474,-1.146670031,-1.599754652
Luminal_A,-0.792404649,-0.25435218,2.98793802,0.615615772,-4.122041029,-0.760960024,2.516268648,-0.813367732,0.888135854,0.304663371,0.060094067,0.416466482,1.21655749,-1.606471046,-1.092875508,0.234786427,-0.184475236,-0.310253736,-0.373142985,1.684733015,2.827221049,-1.784657253,-1.602977199,0.241774122,-0.394106068,0.821752757,-0.760960024,0.570195758,-0.306759888,-2.354154347,-0.617712289,1.639313001,0.252255663,-1.442260228,-1.204678618,0.846209687,-3.255566924,-1.309494034,-1.445754075,-1.148777063,1.758103806,0.122983317,-2.94810837,-0.397599916,1.621843765,-2.305240486,-0.781923107,-0.201944472,2.128451609,0.203341803,-2.172474292,0.196354108,2.46386094,0.860185076,-0.369649138,-4.261794917
Basal_like,0.27732364,0.26739384,0.86980172,0.697685183,4.911230407,0.843322253,-0.242335904,2.799492895,-0.639527913,-0.358183573,1.693975137,-0.771925249,-1.698706602,-2.407032351,3.339012039,-0.560089511,2.246734016,3.491268976,1.700595004,0.452750111,-0.728896115,0.317042841,0.356762042,-0.636217979,-0.285365038,-0.040429966,-0.745445782,-0.67593718,0.823462652,1.727074472,1.051848057,0.667895782,-1.837723805,1.551648001,-0.391282907,-0.404522641,1.319952663,1.369601664,1.856161874,-0.361493507,-4.677646666,-1.030100054,2.597586957,-0.258885571,-3.231205768,1.03529839,-0.149657769,0.019148835,-4.270524857,-0.010640566,-3.939531517,0.512328912,-3.525789841,0.207815039,2.670405492,-1.14263779
Luminal_A,0.81126552,-0.962684909,1.205476727,1.412956309,1.530528073,-0.112018621,-0.596137646,-1.014554804,0.482756182,1.523612087,0.679861785,0.092002968,0.07125501,-4.804515175,-2.553361707,1.112110915,-0.6687555,0.213032725,-0.333330175,-0.575389688,0.123124906,0.610701924,0.669487806,1.361086414,1.274636588,0.237238676,-0.284918273,0.548458049,-0.727541382,-2.94411492,-0.305666231,2.066516994,1.042951054,-1.685405454,-1.097546637,0.216490718,-3.227670349,-0.177720489,-0.686045465,-0.796701243,-0.080896684,0.226864697,-0.302208238,-0.198468447,1.513238107,-0.112018621,0.268360613,-0.371368099,1.212392713,-1.367270094,-3.082434642,-0.226132391,5.161420764,0.496588154,-0.616885605,-5.41312195
Basal_like,-1.272517675,0.002512641,-0.288794813,-1.066361631,0.945900625,-0.075916289,0.390175637,-0.898299639,-1.023785927,-0.438930193,2.97833032,0.078700744,-1.890985808,-2.531862205,-0.27759068,-0.414281101,2.003570764,0.040606692,0.865230868,1.299951222,0.661315651,0.136962235,0.217631991,-0.981210222,-0.557694001,-1.124623122,-0.353778783,-1.373354871,-0.037822238,1.161019975,0.966068064,0.786801939,-1.135827255,-0.407558621,-0.633882104,-0.273109027,-0.970006089,-0.474783418,2.205245155,0.54479267,-1.198570399,0.23779943,-0.615955492,-1.406967269,-4.116126588,-0.387391182,-2.702165024,1.450086602,-3.842745747,0.370008197,-3.190665216,0.979513023,-0.026618105,-0.479265071,1.553164624,0.201946205
Luminal_B,0.453335588,1.41962094,0.301235116,-0.651629606,-4.123099203,0.131240471,-1.049774959,1.245152751,-0.53531748,-0.696365039,-0.723206299,0.453335588,-0.087963151,-4.682292115,-5.152014161,-0.682944409,0.023875432,-1.188454801,0.090978581,-0.419005355,1.191470232,-0.678470866,-0.629261889,0.175975904,-0.803730078,0.216237793,-0.687417952,0.896216374,0.909637004,-0.906621574,-0.249010709,-0.606894173,-1.474761572,-1.067669132,0.793324878,-0.512949764,-2.141319523,-0.369796378,-0.61584126,-1.774488973,-0.334008032,-0.347428662,1.495671176,-3.532591488,-0.803730078,0.627803777,1.079631649,0.663592123,-1.886327555,0.60543606,-2.105531177,-0.517423307,0.569647714,0.135714014,-1.353975903,1.034896216
Luminal_B,0.63628743,0.232876391,-0.994450412,-0.112416108,-6.543061559,1.521740472,-0.929494397,0.33543852,-0.912400709,0.571331415,-0.669670339,0.379882109,0.007239709,4.567835686,-2.249127116,0.738849558,-1.16880603,-1.161968555,-0.081647469,-1.97220937,-0.447452394,0.383300846,0.472188024,0.099545624,0.055102035,0.164501639,-0.526083359,0.814061786,1.029442255,0.249970079,-0.478221032,1.234566512,1.333709903,0.612356266,0.738849558,0.068776986,0.926880127,-1.093593803,-0.40984628,0.061939511,-0.546595785,0.366207158,1.118329433,0.872180325,1.477296883,1.08072332,-0.03720388,-1.572217069,0.400394534,0.318344832,4.027675143,-0.908981972,-0.2662593,-0.279934251,-0.560270735,-4.515750154
Basal_like,-1.303612009,-0.814787654,-1.68874635,-0.318556869,-4.536518541,0.559105042,1.336780152,-0.825897298,0.540588967,-0.029706114,1.340483367,0.214706064,-2.096099979,-2.018332468,0.651685412,0.544292182,0.762781856,-0.200053995,-0.222273284,1.307154434,-4.35876423,0.307286434,0.225815708,0.518369679,1.747836996,-0.670362276,-0.088957551,-1.662823846,-0.166725062,-1.959081031,-1.607275624,-0.192647565,0.547995397,-0.285227936,0.277660716,-0.240789358,-0.470388676,-1.018464469,-1.118451269,-0.11117684,-1.048090187,-0.300040795,0.922020093,-0.140802558,-3.444070171,0.214706064,-2.236822142,2.777330714,-3.751437001,-0.022299684,-2.144241772,-0.092660766,-0.522233684,-0.344479373,5.962095454,0.873878301
Basal_like,-1.662161509,0.686286995,1.208534042,-0.624320244,1.820594275,0.979011454,0.39688895,-0.215171284,-0.128684512,-0.408103314,1.654273559,-0.807273031,-1.612265295,-5.421009682,-1.206442749,-0.102073197,3.058020399,0.267158791,-0.052176983,1.850532004,-2.177755728,0.307075763,0.300422934,-0.907065461,0.353645563,-0.903739046,0.486702136,-0.138663755,1.165290656,0.124122976,0.350319149,3.274237329,0.915809582,2.728705382,0.493354965,-1.076712591,-0.191886384,0.762794524,0.317055006,-0.082114711,-5.547413426,-0.694174945,0.676307752,-2.96611592,-4.343251445,-0.857169246,-1.289603107,2.113318734,-6.382343418,-1.359457807,-4.389821245,0.500007793,-0.4746316,0.177345605,2.878394026,-0.491263672
Luminal_B,-1.235575837,0.312739037,-3.292675031,-1.806585578,-5.375396457,-0.331477081,0.030894485,-0.627962908,0.184627877,-0.115518269,-2.875398682,-0.170423052,1.213177474,-4.562805672,-3.113319408,-0.163102414,-0.177743689,-1.535721983,-0.770715343,-2.205560333,0.250513616,-0.452267603,-0.668226415,-0.30219453,-0.507172386,1.019180575,0.26881521,-0.034991254,0.448170834,-0.609661314,-1.019617025,-1.491798157,-1.70409665,0.751977299,0.023573847,-0.196045284,0.459151791,0.931332922,-2.165296825,-0.104537312,-0.983013836,0.784920168,-0.704829604,-1.00497575,0.148024688,2.475987477,-0.97203288,1.260761619,-1.616248998,0.312739037,-2.165296825,-1.085502764,-4.182132512,1.429136286,-2.198239695,1.751244345
Luminal_A,0.148262343,-0.289916519,2.628920095,0.639446713,-4.240593679,0.006914323,0.102324237,-1.484307288,1.222507296,1.551141442,-1.880081744,-0.463067843,-0.22630991,-3.6858027,-2.986130001,0.741924028,-1.14507204,0.19773415,-0.876510802,-2.915455991,-3.367769655,-1.130937238,-1.279352659,0.381486576,-0.342922026,1.356787915,-0.456000442,1.363855316,-0.261646915,-2.268788799,-0.770499787,0.918609053,-0.106164093,-0.629151767,-0.466601544,1.077625575,0.180065648,0.063453531,-1.417166979,-0.798769391,1.710157965,0.678317419,-0.883578203,-2.138041881,1.233108397,-0.236911011,0.438025784,-1.933087252,1.971651802,0.049318729,-3.106275818,-0.180371803,1.014018966,-1.597385704,-1.039061025,-0.540809254
HER2_enriched,-0.852090079,0.787265861,0.466347896,-0.878833243,-3.611984581,0.359375241,-1.756009015,-0.573961175,0.535880122,0.557274653,0.038457275,-1.269283434,-0.287809323,2.10302952,-3.074446989,0.222985105,-2.151807839,0.573320551,-0.178162351,-1.317421129,0.113338134,-0.301180905,-0.25304321,-0.055143798,-0.833369864,-1.825541241,0.121361083,-0.483034419,-1.536715072,-1.036617909,0.180196043,2.891952851,0.362049557,0.819357658,-0.448268306,-1.566132552,3.686224816,-1.304049547,0.701687737,-0.095258544,-2.253431861,0.070549072,-0.28246069,1.089463612,-1.459159897,-3.654773644,-0.063166747,-2.515514866,2.279534401,0.46367358,3.02566867,-0.175488035,-3.622681847,0.990513906,-3.058401091,-1.780077862
Basal_like,0.971840458,0.166792635,1.400946138,-0.915465052,3.546474534,1.302213857,1.309808648,-0.657242165,0.174387426,-0.66103956,-0.854706725,0.193374403,-1.754689433,-3.383772057,1.359174788,0.595898314,1.446514882,0.709820176,-0.277502626,3.573056302,-1.055968681,-1.610388409,-1.606591013,-0.691418724,1.556639349,0.026289006,0.368054591,0.299701474,0.918676923,-0.615470816,-0.231933881,-0.380032301,0.941461295,-0.258515649,-0.053456298,1.051585762,-0.114214624,4.495823382,3.443944859,-0.85090933,-2.931882005,-0.56230728,0.037681192,2.312321032,-5.947013947,0.968043063,-1.910382645,0.497166034,-2.825554934,-1.731905061,-2.779986189,1.154115437,-0.972425983,0.565519151,-0.300286998,-0.118012019
Basal_like,-1.968427945,0.754751469,1.330469036,-0.340171512,4.565789844,0.348570363,0.352102372,-1.088957551,-0.598008214,-0.26953132,2.142831248,0.609939074,-3.049222888,-4.140613859,0.966672045,0.55342692,2.704420776,0.433338594,1.206848699,0.493382757,-3.307059589,0.564022949,0.687643286,-0.979465253,-0.333107493,-0.566220128,0.65232319,-1.350326262,0.853647738,1.259828844,-0.587412185,2.340623786,-2.759598099,1.273956882,0.171969882,-0.061142753,-0.499111945,-0.527368022,0.355634382,-0.283659358,-3.529576195,0.405082517,2.584332449,-2.148560436,-5.249664878,-0.658052378,0.55695893,0.963140036,-5.87483058,-1.254962003,-3.833329022,1.552985642,-1.081893532,1.040844247,1.443493344,-0.068206772
Luminal_A,0.394600603,-1.138534421,-1.596582169,1.181988467,-4.132879616,-0.188369258,0.542235828,-0.983328159,0.265892971,2.336571633,0.205324674,-0.544208004,0.720155201,-2.421825219,-1.903209174,0.099330154,-0.525280411,-2.012989212,-1.271027571,-1.562512502,0.046332894,0.546021346,0.599018606,1.348551285,1.113849133,0.511951679,-0.733483933,0.875361462,-0.812979823,-2.906371597,-0.438213484,2.783262826,0.648230348,-1.108250272,-0.52906593,0.837506277,-2.130340288,-1.324024831,-1.75178843,-0.82055086,3.873492176,-0.059661626,-1.024968864,-0.915188825,0.996498057,-0.612347339,1.674105882,1.776314884,1.469687879,-0.320862408,-1.35430898,-0.460926595,1.405334063,-0.313291371,-0.949258492,-0.990899196
Luminal_B,-1.581533714,0.839766874,-4.296111989,-0.936322801,-4.500233259,-0.596120684,0.485487427,1.154160555,0.262596385,-1.344565342,-0.79320329,0.743571792,0.996963714,0.992271271,-1.098212085,0.795188665,-0.797895733,-0.485848273,0.34940658,-0.959785016,0.647376711,-0.506964267,-0.246533681,-0.016603974,-0.279380782,1.433360913,1.42866847,1.039195701,2.22638378,-2.834415995,-0.197263029,-0.462386058,-0.584389576,1.630443519,0.905461076,-0.582043355,0.804573551,-0.551542475,-0.368537198,1.301972509,-1.018440554,-0.664161107,-0.105760391,1.78764036,0.975847721,0.030320456,0.830381988,-2.186858861,3.021752868,1.165891662,2.827016484,-0.579697133,1.257394301,0.166401303,-0.919899251,-4.20460935
Luminal_A,1.107444406,-1.215776806,4.160820855,1.536947487,-1.625757019,-0.204492278,-0.337247776,-0.579331331,-0.153732823,-0.879983488,1.251913624,0.744319073,-0.208396852,-2.258297921,1.025448363,-0.208396852,0.25624739,0.225010803,-0.719895976,-0.032691046,-0.567617611,-0.766750857,-0.751132563,0.326529713,0.990307202,0.307006845,-0.497335288,-0.384102658,-1.590615858,-2.13335157,-0.54419017,6.530896948,0.252342817,0.404621182,-2.102114982,0.822410543,-0.380198084,-1.184540218,0.552994974,0.033686703,2.028923743,-1.391482612,1.32610052,-1.610138726,0.443666917,0.006354689,-0.036595619,0.299197698,0.670132178,0.611563576,-0.298202042,-1.844413133,1.318291373,0.666227604,0.037591276,-5.00711764
Luminal_B,-0.760394494,-0.786024098,-8.192979813,-0.562680402,-8.566439765,-0.456500611,-0.449177867,-0.277093379,0.367308106,-0.40158003,0.436874176,-0.460161983,-0.419886891,-4.773258292,-5.293173127,-0.156268101,-0.412564146,-0.815315075,-0.277093379,-0.317368472,1.667095194,0.16227127,0.16227127,0.114673433,0.202546363,0.418567315,0.129318921,-1.269325213,-1.891758466,-0.873897028,0.132980293,-2.883990299,-0.379611798,-0.917833493,0.33801713,0.257466944,-1.243695608,0.72612257,-0.134299868,0.345339874,-1.518298514,0.652895128,-1.005706423,-0.222172798,2.040555146,-0.181897705,-0.94712447,3.15727363,-0.196543194,-0.306384356,-2.968201857,-0.273432007,-3.045090671,-0.994722307,-2.166361372,-0.599294122
Luminal_B,-3.915904316,0.594889316,-7.156252907,-0.067455065,-3.884500057,-0.050325469,-0.878255946,0.02390278,0.529225865,0.323670712,-0.512824563,1.094502535,1.759701849,-4.404097805,-4.855177168,0.100985963,0.17235928,-0.909660206,0.369349635,-2.451323852,0.626293576,0.711941556,0.837558594,-0.866836215,-0.826867158,1.360011274,0.569194922,-0.261590487,-0.404337121,-0.098859325,-0.17879744,-1.600553914,0.951755901,0.123825424,-0.926789802,-1.569149654,0.514951201,1.985241531,-2.699702995,-0.204491834,-0.998163119,-0.150248113,-1.29793105,0.78045994,0.457852548,-0.26444542,1.037403881,-0.986743388,3.5725841,2.142262828,-0.215911565,-1.240832396,-0.70125012,0.777605008,-3.587587058,-1.163749214
Luminal_B,-1.327187523,-0.169373663,-0.249777403,-1.060247105,-5.045056476,0.341994126,-0.867278129,1.766748405,-0.841548932,2.210577051,0.444910914,0.200483543,-0.095402221,-4.308558215,-3.372658677,0.039676062,-1.282161429,1.657399318,-0.577824663,0.403100969,-1.703477028,1.020601694,2.120524862,0.017163015,0.22621274,-1.163163893,-0.593905411,0.496369307,-0.725767546,-1.471914256,1.065627789,0.882307261,-0.27229045,-0.365558789,-0.571392364,-0.85441353,3.837948756,1.364729703,-2.84842629,-0.478124025,-0.047159977,0.255158086,-0.635715356,-0.143644466,-0.677525301,-0.860845829,-1.012004861,0.55426,0.213348141,0.22942889,-4.800629106,-3.057476015,-0.847981231,1.010953246,-2.250222462,-1.057030956
Basal_like,-1.566653561,7.08E-05,-1.698522142,-0.891612014,-2.693815958,-0.131797807,0.012629686,0.097402346,-0.844516092,-0.68125023,3.249689384,0.336021683,-2.376703418,-1.770735889,-1.959119577,-0.182033457,0.364279236,0.825819271,0.379977877,2.361146325,2.18532155,-0.047025148,0.527545099,0.323462771,0.414514886,-1.306056127,-0.078422429,-0.282504758,-0.536822736,0.879194649,0.138218811,2.044033784,-0.599617298,-0.207151282,0.618597215,0.565221836,-0.398674698,1.431786799,2.960834397,1.510280002,-0.536822736,-0.483447358,0.684531505,-1.620028939,-1.962259305,-1.412806883,-1.824111267,0.775583621,-7.554115097,1.237123655,-1.441064436,-0.467748717,0.467890265,1.186888005,4.571514925,-0.678110501
Luminal_A,-0.579702503,-0.533288973,-0.503451704,1.429340283,-5.303936776,0.680093304,0.477862924,-0.795193891,0.209327502,0.699984816,-0.238231534,0.743083094,0.825964397,-3.62310395,-3.99772744,0.152968216,-1.067044565,0.719876329,-1.0438378,-0.360895863,0.617103513,-0.798509143,-0.420570401,0.951943978,0.504384941,0.103239434,-0.88802095,0.981781247,-1.067044565,-2.73130113,-0.642692293,2.042661926,1.376296249,-3.046250081,-1.93564062,-0.092360441,-1.189708893,-0.350950106,-1.866020326,-1.478135828,4.197575805,-0.228285778,-1.70025772,-1.958847385,0.457971411,0.000466619,-0.079099432,0.806072884,1.591787637,-0.632746537,-1.972108394,-2.035098184,4.124640258,1.578526629,0.000466619,-2.946792518
Basal_like,0.678778791,-0.703846682,-1.916796723,1.373530895,-1.639354464,1.297864824,-0.162719631,-0.55251454,-0.100811028,-0.410354044,1.765618715,0.412801088,-0.889572491,-3.322351309,-0.373667464,1.437732409,-0.275072281,2.506229044,-0.265900636,2.763035102,-2.597791359,-0.270486459,-0.270486459,1.483590634,1.916950857,0.704000815,0.071157315,-0.245264435,-2.249268852,-2.996757914,-0.369081642,0.646678034,0.250004391,1.859628076,1.598236196,1.219905842,3.345434555,1.405631652,-0.912501604,-1.068419568,0.49076007,0.052814025,2.254008808,-0.800148953,-1.446749921,0.32337755,1.286400268,1.180926351,-4.445877813,0.288983882,-2.545054401,-0.38513202,1.501933924,0.979150163,0.298155527,-2.829375394
Luminal_B,-2.500136834,-1.023016258,-2.390803136,-0.699477763,-2.214530439,-0.460728667,-2.089577641,-0.498660766,-0.514279866,-0.001080874,-0.447340867,0.525505917,-0.134958872,-2.77904933,-2.540300233,-0.712865563,-0.166197072,-0.121571072,0.083708524,-1.185901155,-0.532130266,0.295682021,0.295682021,-0.114877172,0.36262102,-0.721790763,0.741942014,1.393481603,0.315763721,-0.623613564,0.039082525,0.467492118,-0.88244436,-0.958308559,-0.130496272,-1.234989754,1.319848704,-1.060948357,-3.044574025,0.630377016,-1.192595055,0.690622115,1.386787703,1.174814207,-0.039012974,0.614757916,1.679087999,-1.828515545,1.210515006,0.474186018,-1.054254457,-1.000703258,0.271137721,0.96060941,-1.165819455,-0.529898966
Basal_like,-1.420429037,-1.149320881,0.280700159,0.098968318,2.702798295,-0.273432994,0.781207523,-0.78287799,0.087051476,-0.946734567,0.986773047,-0.627959044,-2.740219288,-4.891209269,-1.774955086,-0.192994311,-0.154264574,1.314486202,-0.243640889,2.902405398,-2.758094551,-0.303225099,-0.303225099,0.802061996,1.022523573,-1.581306404,-0.464102466,-1.012277198,-0.636896675,-4.203011643,-0.499852992,2.521066454,-0.1900151,-0.42835194,1.412800148,0.209199107,2.503191191,-0.338975625,-2.478048764,-1.238697196,0.042363319,0.8884591,0.030446477,-2.022229558,-3.145391916,-1.101653513,-0.353871678,2.124831458,-5.73730505,-0.455164835,-5.004419268,-1.08079904,-0.347913257,1.400883306,-0.041054575,-3.523751649
